alim_grp_code,alim_ssgrp_code,alim_ssssgrp_code,rayon,alim_code,alim_nom_fr,energieKj,energieKcal,fibres,calcium,cuivre,fer,iode,magnesium,manganese,phosphore,potassium,selenium,sodium,zinc,vitamineA,vitamineD,vitamineE,vitamineK1,vitamineC,vitamineB1,vitamineB2,vitamineB3,vitamineB5,vitamineB6,vitamineB9,vitamineB12
1,102,0,Traiteur,25947,"Bouillon de volaille, déshydraté reconstitué",23.5,5.58,5e-05,5.0,0.0,0.05,0.0,1.0,0.01,0.0,10.0,0.0,312.0,0.01,1.0,0.0,0.0,0.0,0.0,0.005,0.01,0.1,0.02,0.0,1.0,0.01
1,102,0,Traiteur,25948,"Bouillon de légumes, déshydraté reconstitué",22.7,5.38,0.0,1.0,0.0,0.1,0.0,2.0,0.01,0.0,8.0,0.0,240.0,0.0,0.0,0.0,0.0,0.0,0.0,0.11,0.01,0.1,0.0,0.0,1.0,0.0
1,103,10304,Traiteur,25539,Brochette de poisson,535.0,127.0,0.29,26.5,0.026,0.72,65.5,28.4,0.049,190.0,320.0,11.7,223.0,0.25,18.4,1.41,1.02,0.0,6.33,0.074,0.067,2.84,0.29,0.26,12.0,2.03
1,103,10307,Traiteur,25203,"Pâtes fraîches farcies (ex : raviolis, tortellinis), aux légumes, préemballées, crues",1080.0,255.0,3.02,0.0,0.0,0.0,0.0,0.0,0.0,0.0,0.0,0.0,339.0,0.0,0.0,0.0,0.0,0.0,0.0,0.0,0.0,0.0,0.0,0.0,0.0,0.0
2,201,20101,Fruits et légumes,13004,"Avocat, pulpe, cru",843.0,205.0,3.6,9.4,0.18,0.34,10.0,21.0,0.2,38.0,430.0,10.0,6.0,0.43,0.0,0.0,2.23,14.5,0.25,0.052,0.037,1.56,1.07,0.17,70.4,0.0
2,201,20101,Fruits et légumes,20004,"Bette ou blette, crue",68.3,16.4,1.8,25.0,0.03,0.85,10.0,17.0,0.16,10.0,300.0,10.0,53.2,0.07,0.0,0.125,0.25,0.4,3.08,0.0075,0.015,0.05,0.2,0.036,24.7,0.0
2,201,20101,Fruits et légumes,20009,"Carotte, crue",169.0,40.2,2.7,25.0,0.05,0.24,10.0,10.0,0.1,22.0,230.0,10.0,43.0,0.18,0.0,0.0,0.27,2.96,2.05,0.028,0.005,0.05,0.2,0.093,59.4,0.0
2,201,20101,Fruits et légumes,20010,"Champignon, tout type, cru",91.2,21.7,1.72,7.78,0.32,0.69,1.0,10.9,0.061,85.6,341.0,1.39,4.76,0.65,0.0,0.2,0.01,0.0,3.4,0.084,0.42,4.55,1.75,0.082,29.0,0.0
2,201,20101,Fruits et légumes,20014,"Chou rouge, cru",126.0,30.0,2.8,36.0,0.02,0.25,10.0,9.7,0.12,30.0,260.0,10.0,14.0,0.15,0.0,0.0,0.04,6.41,18.7,0.036,0.005,0.12,0.24,0.14,31.9,0.0
2,201,20101,Fruits et légumes,20016,"Chou-fleur, cru",109.0,26.2,2.2,23.0,0.02,0.27,10.0,9.8,0.14,40.0,270.0,10.0,6.0,0.22,0.0,0.0,0.04,3.31,4.14,0.031,0.005,0.26,0.72,0.22,56.2,0.0
2,201,20101,Fruits et légumes,20019,"Concombre, pulpe et peau, cru",65.8,15.6,0.6,19.2,0.026,0.13,0.3,13.6,0.085,24.7,157.0,5.0,4.8,0.095,0.0,0.0,0.09,16.4,8.25,0.022,0.025,0.15,0.28,0.037,12.3,0.0
2,201,20101,Fruits et légumes,20020,"Courgette, pulpe et peau, crue",69.4,16.5,1.05,18.7,0.052,0.36,1.64,17.5,0.18,44.7,262.0,0.58,9.0,0.31,0.0,0.0,0.12,4.3,17.5,0.047,0.12,0.47,0.18,0.19,36.0,0.0
2,201,20101,Fruits et légumes,20023,"Céleri branche, cru",73.4,17.6,2.2,46.0,0.03,0.06,10.0,11.0,0.08,24.0,390.0,10.0,79.0,0.09,0.0,0.0,0.04,4.86,5.51,0.0075,0.005,0.05,0.27,0.052,56.8,0.0
2,201,20101,Fruits et légumes,20026,"Endive, crue",84.8,20.2,1.1,20.0,0.04,0.12,10.0,8.3,0.08,23.0,150.0,10.0,2.5,0.13,0.0,0.0,0.04,0.4,2.12,0.067,0.005,0.21,0.15,0.026,25.6,0.0
2,201,20101,Fruits et légumes,20028,"Fenouil, cru",90.9,21.8,2.6,37.0,0.08,0.2,10.0,11.0,0.1,28.0,320.0,10.0,22.0,0.19,0.0,0.0,0.04,62.8,2.57,0.0075,0.005,0.05,0.22,0.05,19.6,0.0
2,201,20101,Fruits et légumes,20031,"Laitue, crue",0.0,0.0,1.2,64.6,0.036,0.98,1.22,14.9,0.4,29.5,200.0,2.33,8.47,0.2,0.0,0.0,0.18,123.0,11.8,0.067,0.077,0.36,0.14,0.09,43.5,0.0
2,201,20101,Fruits et légumes,20034,"Oignon, cru",0.0,0.0,1.7,25.0,5e-05,0.00019,5.0,9.0,0.1,37.0,190.0,2.3,39.0,0.23,0.0,0.0,0.045,0.35,3.9,0.025,0.025,0.025,0.15,0.1,29.6,0.0
2,201,20101,Fruits et légumes,20039,"Poireau, cru",136.0,32.3,2.27,50.7,0.087,1.5,1.1,19.0,0.34,40.3,208.0,0.56,14.5,0.21,0.0,0.0,0.74,47.0,18.5,0.065,0.065,0.5,0.13,0.24,73.0,0.0
2,201,20101,Fruits et légumes,20041,"Poivron, vert, jaune ou rouge, cru",0.0,0.0,1.5,7.7,0.05,0.4,2.5,11.9,0.1,22.5,155.0,0.1,8.4,0.13,1.0,0.25,1.44,0.0,121.0,0.041,0.041,0.74,0.12,0.38,40.7,0.0
2,201,20101,Fruits et légumes,20044,"Potiron, cru",0.0,0.0,0.5,21.0,0.13,0.8,0.0,12.0,0.13,44.0,340.0,0.0,1.0,0.32,0.0,0.0,1.06,1.1,9.0,0.05,0.11,0.6,0.3,0.061,16.0,0.0
2,201,20101,Fruits et légumes,20045,"Radis rouge, cru",60.7,14.5,1.4,15.0,0.005,0.4,10.0,6.2,0.04,20.0,250.0,10.0,16.0,0.08,0.0,0.0,0.04,0.4,12.2,0.0075,0.005,0.05,0.09,0.063,95.4,0.0
2,201,20101,Fruits et légumes,20047,"Tomate, crue",81.1,19.3,1.2,8.14,0.029,0.12,0.2,10.1,0.066,26.6,256.0,5.0,3.22,0.087,0.0,0.0,0.66,7.9,15.5,0.039,0.019,0.65,0.21,0.082,22.7,0.0
2,201,20101,Fruits et légumes,20053,"Aubergine, crue",0.0,0.0,2.7,8.7,0.081,0.32,0.15,12.0,0.24,27.2,235.0,0.2,2.5,0.16,0.0,0.0,0.17,3.5,2.1,0.045,0.034,0.72,0.25,0.082,24.5,0.0
2,201,20101,Fruits et légumes,20055,"Céleri-rave, cru",122.0,29.3,4.5,40.0,0.11,0.28,10.0,13.0,0.2,56.0,500.0,10.0,34.0,0.33,0.0,0.0,0.12,0.4,2.87,0.059,0.041,0.3,0.59,0.2,39.0,0.0
2,201,20101,Fruits et légumes,20056,"Champignon de Paris ou champignon de couche, cru",118.0,28.0,1.0,6.03,0.35,0.31,1.0,10.5,0.076,96.6,364.0,6.47,39.0,0.5,0.0,0.3,0.02,0.0,3.09,0.073,0.29,5.0,1.57,0.1,34.5,0.0
2,201,20101,Fruits et légumes,20059,"Épinard, cru",0.0,0.0,2.37,114.0,0.1,3.61,3.4,52.5,1.3,45.2,504.0,0.1,66.7,0.82,0.0,0.0,2.47,521.0,41.1,0.087,0.21,0.71,0.18,0.21,207.0,0.0
2,201,20101,Fruits et légumes,20064,"Navet, pelé, cru",0.0,0.0,1.9,40.0,0.063,0.4,0.5,9.5,0.1,38.5,237.0,1.25,42.0,0.25,0.0,0.0,0.03,0.1,18.5,0.04,0.038,0.7,0.2,0.085,17.5,0.0
2,201,20101,Fruits et légumes,20087,"Poivron rouge, cru",153.0,36.6,3.2,4.8,0.04,0.21,10.0,8.2,0.08,19.0,180.0,10.0,2.5,0.14,0.0,0.0,3.45,3.16,121.0,0.036,0.11,0.34,0.18,0.31,81.8,0.0
2,201,20101,Fruits et légumes,20089,"Radis noir, cru",123.0,29.2,1.2,39.0,0.01,0.23,10.0,10.0,0.06,32.0,300.0,10.0,23.0,0.15,0.0,0.0,0.04,0.4,9.58,0.021,0.016,0.23,0.14,0.077,17.3,0.0
2,201,20101,Fruits et légumes,20091,"Betterave rouge, crue",0.0,0.0,2.55,22.1,0.098,0.7,0.5,19.0,0.46,38.1,328.0,0.2,60.5,0.54,0.0,0.0,0.06,0.2,6.45,0.028,0.043,0.27,0.15,0.059,100.0,0.0
2,201,20101,Fruits et légumes,20097,"Échalote, crue",269.0,63.6,2.6,9.5,0.07,0.12,10.0,7.5,0.08,46.0,220.0,10.0,5.0,0.2,0.0,0.0,0.04,0.4,8.0,0.036,0.005,0.2,0.19,0.1,10.2,0.0
2,201,20101,Fruits et légumes,20099,"Mâche, crue",70.1,16.8,2.3,41.0,0.1,0.4,10.0,19.0,0.28,30.0,330.0,10.0,2.5,0.14,0.0,0.0,0.22,48.9,2.38,0.042,0.066,0.37,0.25,0.096,45.5,0.0
2,201,20101,Fruits et légumes,20106,"Champignon, truffe noire, crue",0.0,0.0,8.5,24.0,0.0,3.5,0.0,23.8,0.0,62.0,447.0,0.0,66.0,3.8,0.0,0.0,0.12,0.0,1.0,0.05,0.09,2.0,0.0,0.18,44.0,0.0
2,201,20101,Fruits et légumes,20132,"Potimarron, pulpe, cru",0.0,0.0,1.1,18.5,0.029,0.27,0.15,7.13,0.038,33.0,243.0,1.675,29.7,0.11,0.0,0.0,0.1,0.0,5.0,0.05,0.02,0.2,0.4,0.05,36.0,0.0
2,201,20101,Fruits et légumes,20138,"Courge doubeurre (butternut), pulpe, crue",0.0,0.0,2.0,48.0,0.072,0.7,0.0,34.0,0.2,33.0,352.0,0.0,4.0,0.15,0.0,0.0,1.44,1.1,21.0,0.1,0.02,1.2,0.4,0.15,27.0,0.0
2,201,20101,Fruits et légumes,20139,"Courge, crue",0.0,0.0,1.3,28.5,0.061,0.6,0.15,16.5,0.17,30.5,312.0,0.24,4.5,0.26,0.0,0.0,0.12,1.1,14.7,0.028,0.1,0.49,0.17,0.13,34.0,0.0
2,201,20101,Fruits et légumes,20151,"Piment, cru",0.0,0.0,1.65,14.0,0.15,1.12,0.0,24.0,0.21,55.3,331.0,0.0,8.0,0.28,0.0,0.0,0.69,14.0,155.0,0.081,0.088,1.07,0.13,0.39,23.0,0.0
2,201,20101,Fruits et légumes,20167,"Chou chinois ou pak-choi ou pé-tsai, cru",0.0,0.0,1.05,86.4,0.021,0.68,0.3,17.5,0.17,37.8,249.0,0.29,51.0,0.17,0.0,0.0,0.11,45.5,40.3,0.04,0.065,0.48,0.092,0.19,73.6,0.0
2,201,20101,Fruits et légumes,20171,"Laitue romaine, crue",0.0,0.0,2.1,33.0,0.048,0.97,1.25,14.0,0.16,30.0,247.0,1.0,8.0,0.23,0.0,0.0,0.13,103.0,14.0,0.072,0.067,0.31,0.14,0.074,136.0,0.0
2,201,20101,Fruits et légumes,20172,"Tomate cerise, crue",142.0,33.7,1.2,6.6,0.05,0.37,10.0,11.0,0.16,31.0,330.0,10.0,2.5,0.18,0.0,0.0,0.4,2.83,21.8,0.048,0.018,0.92,0.079,0.096,17.6,0.0
2,201,20101,Fruits et légumes,20210,"Concombre, pulpe, cru",61.6,14.7,0.8,16.0,0.02,0.14,10.0,8.9,0.11,25.0,140.0,10.0,2.5,0.13,0.0,0.0,0.04,2.75,3.52,0.0075,0.005,0.05,0.15,0.042,7.2,0.0
2,201,20101,Fruits et légumes,20217,"Roquette, crue",0.0,0.0,1.6,160.0,0.076,1.46,0.0,47.0,0.32,52.0,369.0,0.0,27.0,0.47,0.0,0.0,0.43,109.0,15.0,0.044,0.086,0.31,0.44,0.073,97.0,0.0
2,201,20101,Fruits et légumes,20218,"Chou frisé, cru",0.0,0.0,4.9,185.0,0.8,1.74,1.4,33.5,0.58,83.0,378.0,2.1,36.5,0.59,0.0,0.0,3.47,477.0,145.0,0.13,0.21,1.9,0.55,0.31,101.0,0.0
2,201,20101,Fruits et légumes,20228,"Champignon de Paris ou champignon de couche, surgelé, cru",66.2,15.9,1.97,10.0,0.0,0.8,0.0,0.0,0.0,0.0,0.0,0.0,5.0,0.0,0.0,0.0,0.0,0.0,4.0,0.0,0.0,0.0,0.0,0.0,0.0,0.0
2,201,20101,Fruits et légumes,20238,"Oignon rouge, cru",153.0,36.3,2.5,22.0,0.05,0.19,10.0,9.0,0.12,29.0,190.0,10.0,2.5,0.21,0.0,0.0,0.12,0.4,4.09,0.029,0.005,0.18,0.15,0.049,10.9,0.0
2,201,20101,Fruits et légumes,20239,"Oignon jaune, cru",159.0,37.8,2.6,13.0,0.04,0.1,10.0,5.4,0.07,28.0,150.0,10.0,2.5,0.1,0.0,0.0,0.04,0.4,2.08,0.026,0.005,0.13,0.14,0.064,13.0,0.0
2,201,20101,Fruits et légumes,20265,"Julienne ou brunoise de légumes, surgelée, crue",0.0,0.0,2.28,43.5,0.0,0.55,0.0,0.0,0.0,0.0,0.0,0.0,54.5,0.0,0.0,0.0,0.0,0.0,9.0,0.0,0.0,0.0,0.0,0.0,0.0,0.0
2,201,20101,Fruits et légumes,20276,"Tomate ronde, crue",85.6,20.3,1.0,6.8,0.02,0.17,10.0,7.0,0.1,20.0,210.0,10.0,2.5,0.08,0.0,0.0,0.38,1.13,16.3,0.0,0.005,0.45,0.061,0.07,13.5,0.0
2,201,20101,Fruits et légumes,20279,"Asperge, verte, crue",0.0,0.0,2.15,22.4,0.0,1.0,0.0,12.2,0.0,85.5,267.0,0.0,3.85,0.0,0.0,0.0,0.0,0.0,15.5,0.0,0.0,0.0,0.0,0.15,150.0,0.0
2,201,20101,Fruits et légumes,20295,"Salade feuille de chêne, crue",59.3,14.3,1.8,33.0,0.04,0.82,10.0,12.0,0.19,20.0,280.0,10.0,9.0,0.18,0.0,0.0,0.04,34.8,2.16,0.047,0.005,0.2,0.11,0.069,36.7,0.0
2,201,20101,Fruits et légumes,20584,"Tomate grappe, crue",84.3,20.1,1.5,6.6,0.02,0.18,10.0,6.5,0.12,20.0,200.0,10.0,2.5,0.08,0.0,0.0,0.45,0.97,18.2,0.036,0.005,0.47,0.06,0.07,15.0,0.0
2,201,20102,Fruits et légumes,20003,"Betterave rouge, cuite",180.0,42.8,2.5,24.0,0.07,0.29,10.0,17.0,0.31,18.0,320.0,10.0,90.0,0.29,0.0,0.0,0.04,0.4,0.25,0.0075,0.005,0.05,0.14,0.031,12.4,0.0
2,201,20102,Fruits et légumes,20036,"Petits pois, appertisés, égouttés",342.0,81.5,5.75,20.6,0.079,1.29,0.9,16.3,0.17,73.1,71.5,1.675,257.0,0.42,0.0,0.0,0.21,53.4,6.9,0.12,0.059,0.89,0.2,0.053,26.5,0.0
2,201,20102,Fruits et légumes,20048,"Tomate, pelée, appertisée, égouttée",76.9,18.3,1.27,21.1,0.06,0.77,0.2,9.2,0.073,18.0,190.0,1.1,112.0,0.11,0.0,0.0,0.67,2.6,12.0,0.31,0.055,0.64,0.17,0.11,16.0,0.0
2,201,20102,Fruits et légumes,20066,"Maïs doux, appertisé, égoutté",447.0,106.0,3.1,3.51,0.036,0.35,0.5,26.9,0.11,53.8,224.0,5.0,236.0,0.39,0.0,0.0,0.29,0.0,3.55,0.033,0.048,1.04,0.29,0.13,75.0,0.0
2,201,20102,Fruits et légumes,20068,"Tomate, concentré, appertisé",419.0,99.2,4.2,45.6,0.05,1.2,4.4,63.3,0.05,103.0,1010.0,0.4,108.0,0.05,0.0,0.0,5.7,11.4,2.6,0.08,0.1,2.2,0.2,0.09,58.0,0.0
2,201,20102,Fruits et légumes,20079,"Champignon de Paris ou champignon de couche, appertisé, égoutté",80.8,19.4,2.5,22.2,0.17,0.9,2.5,4.85,0.027,47.0,72.1,0.5,251.0,0.44,0.0,0.0,0.0,0.0,6.5,0.081,0.12,0.5,0.34,0.025,29.6,0.0
2,201,20102,Fruits et légumes,20102,"Champignon de Paris ou champignon de couche, bouilli/cuit à l'eau",120.0,28.7,2.2,6.0,0.5,1.74,0.0,12.0,0.12,87.0,356.0,11.9,2.0,0.87,0.0,0.2,0.01,0.0,4.0,0.073,0.3,4.46,2.16,0.095,18.0,0.0
2,201,20102,Fruits et légumes,20121,"Épinard, surgelé, cuit",0.0,0.0,3.7,153.0,0.16,1.96,0.0,82.0,0.72,50.0,302.0,0.0,97.0,0.49,0.0,0.0,3.54,541.0,2.2,0.078,0.18,0.44,0.075,0.14,121.0,0.0
2,201,20102,Fruits et légumes,20155,"Artichaut, coeur, appertisé, égoutté",109.0,26.0,3.2,25.0,0.07,0.4,10.0,18.0,0.13,34.0,150.0,10.0,310.0,0.28,0.0,0.125,1.12,6.29,12.2,0.021,0.03,0.39,0.13,0.026,54.3,0.0
2,201,20102,Fruits et légumes,20169,"Tomate, pulpe, appertisée",110.0,26.1,1.8,20.0,0.08,0.39,10.0,11.0,0.08,20.0,260.0,10.0,27.1,0.09,0.0,0.125,1.3,0.4,10.5,0.036,0.023,0.65,0.054,0.083,30.2,0.0
2,201,20102,Fruits et légumes,20260,"Tomate, coulis, appertisé (purée de tomates mi-réduite à 11%)",0.0,0.0,2.6,0.0,0.0,0.0,0.0,0.0,0.0,0.0,0.0,0.0,350.0,0.0,0.0,0.0,0.0,0.0,0.0,0.0,0.0,0.0,0.0,0.0,0.0,0.0
2,201,20102,Fruits et légumes,20304,"Brocoli, cuit à la vapeur",158.0,37.6,2.2,36.0,0.04,0.58,10.0,23.0,0.28,72.0,340.0,10.0,16.0,0.53,0.0,0.0,2.28,23.2,20.7,0.059,0.11,0.81,0.77,0.16,81.7,0.0
2,201,20104,Fruits et légumes,20809,"Concombre, pulpe, cru, prélevé à la Martinique",0.0,0.0,0.0,0.0,0.0,0.0,0.0,0.0,0.0,0.0,0.0,0.0,0.0,0.0,0.0,0.0,0.0,0.0,0.3,0.0,0.0,0.0,0.0,0.0,0.0,0.0
2,201,20104,Fruits et légumes,20810,"Cresson, feuille, cru, prélevé à la Martinique",0.0,0.0,2.1,0.059,0.0,1.31,0.0,0.0,0.41,0.0,432.0,0.0,0.0,0.0,0.0,0.0,0.0,22.5,2.67,0.0,0.0,0.0,0.0,0.0,57.2,0.0
2,202,0,Fruits et légumes,4008,"Pomme de terre, sans peau, crue",341.0,80.5,1.8,14.3,0.079,0.91,1.2,22.0,0.11,56.2,418.0,22.9,0.22,0.35,0.0,0.0,0.055,8.95,18.9,0.068,0.048,1.33,0.34,0.25,26.0,0.0
2,202,0,Fruits et légumes,4101,"Patate douce, crue",365.0,86.3,2.87,37.5,0.15,0.76,0.2,20.0,0.26,47.0,373.0,0.6,39.3,0.25,0.0,0.0,0.26,1.8,2.4,0.072,0.061,0.56,0.8,0.19,11.0,0.0
2,203,20301,Fruits et légumes,20507,"Pois chiche, bouilli/cuit à l'eau",618.0,147.0,8.2,72.0,0.24,1.3,10.0,44.0,0.86,140.0,170.0,10.0,10.9,1.1,0.0,0.125,1.22,2.53,0.25,0.06,0.027,0.21,0.14,0.09,84.4,0.0
2,203,20301,Fruits et légumes,20510,"Lentille, cuisinée, appertisée, égouttée",0.0,0.0,4.0,21.0,0.12,1.67,3.0,15.8,0.4,82.7,178.0,2.8,230.0,0.55,0.0,0.0,0.19,0.0,0.0,0.083,0.043,0.43,0.2,0.12,11.0,0.0
2,203,20301,Fruits et légumes,20511,"Haricot blanc, appertisé, égoutté",0.0,0.0,7.0,73.0,0.23,2.99,3.0,51.0,0.52,91.0,454.0,0.0,270.0,1.12,0.0,0.0,0.79,2.9,0.0,0.096,0.037,0.11,0.19,0.075,65.0,0.0
2,203,20301,Fruits et légumes,20524,"Haricot rouge, appertisé, égoutté",0.0,0.0,7.0,58.0,0.28,1.5,0.0,29.0,0.38,118.0,250.0,0.0,269.0,0.74,0.0,0.0,0.0,0.0,0.2,0.06,0.015,0.42,0.0,0.0,23.0,0.0
2,203,20301,Fruits et légumes,20532,"Pois chiche, appertisé, égoutté",0.0,0.0,5.45,41.2,0.21,1.15,0.0,27.5,0.67,82.5,135.0,23.3,216.0,0.93,0.0,0.0,0.29,3.4,0.1,0.03,0.015,0.14,0.3,0.29,36.5,0.0
2,203,20301,Fruits et légumes,20587,"Lentille verte, bouillie/cuite à l'eau",535.0,127.0,8.45,39.5,0.25,2.45,10.0,34.0,0.44,160.0,215.0,10.0,5.8,1.25,0.0,0.125,0.53,2.65,0.25,0.094,0.022,0.52,0.24,0.11,50.5,0.0
2,203,20301,Fruits et légumes,20589,"Lentille corail, bouillie/cuite à l'eau",0.0,0.0,8.2,21.0,0.29,2.2,10.0,25.0,0.39,110.0,190.0,10.0,2.5,1.3,0.0,0.125,0.0,2.56,0.25,0.12,0.005,0.47,0.24,0.082,23.0,0.0
2,203,20303,Fruits et légumes,20504,"Lentille, sèche",0.0,0.0,7.63,45.4,0.71,6.51,0.7,62.0,1.39,326.0,674.0,12.0,74.0,3.17,0.0,0.0,0.49,5.0,4.5,0.69,0.21,2.3,1.75,0.55,257.0,0.0
2,203,20303,Fruits et légumes,20515,"Pois cassé, sec",0.0,0.0,15.8,37.4,0.75,5.16,0.5,65.5,1.21,364.0,969.0,14.0,15.4,3.68,0.0,0.0,0.09,47.8,1.4,0.77,0.2,2.69,1.88,0.12,154.0,0.0
2,203,20303,Fruits et légumes,20535,"Lentille corail, sèche",0.0,0.0,15.4,29.0,0.82,6.3,10.0,74.0,1.2,330.0,750.0,10.0,2.5,3.9,0.0,0.125,0.0,9.25,0.25,0.32,0.018,1.42,1.05,0.41,124.0,0.0
2,203,20303,Fruits et légumes,20585,"Lentille verte, sèche",0.0,0.0,16.4,64.0,0.6,6.3,10.0,97.0,1.0,480.0,940.0,10.0,2.5,3.4,0.0,0.125,0.0,11.9,1.63,0.29,0.046,1.98,1.34,0.35,117.0,0.0
2,204,20401,Fruits et légumes,13000,"Abricot, dénoyauté, cru",194.0,45.9,1.7,15.0,0.06,0.19,10.0,8.4,0.07,22.0,260.0,10.0,2.5,0.09,0.0,0.0,0.7,0.4,2.55,0.03,0.013,0.05,0.19,0.054,7.6,0.0
2,204,20401,Fruits et légumes,13002,"Ananas, pulpe, cru",231.0,54.4,1.2,8.0,0.06,0.17,10.0,15.0,0.84,8.1,140.0,10.0,2.5,0.08,0.0,0.0,0.04,0.4,46.1,0.056,0.033,0.31,0.17,0.052,19.6,0.0
2,204,20401,Fruits et légumes,13005,"Banane, pulpe, crue",383.0,90.5,2.7,5.1,0.06,0.2,10.0,28.0,0.36,29.0,320.0,10.0,2.5,0.14,0.0,0.0,0.04,0.4,7.16,0.054,0.005,0.39,0.31,0.18,19.0,0.0
2,204,20401,Fruits et légumes,13008,"Cerise, dénoyautée, crue",235.0,55.7,1.6,9.9,0.08,0.17,10.0,8.8,0.06,19.0,190.0,10.0,2.5,0.06,0.0,0.0,0.04,0.4,4.09,0.0075,0.012,0.05,0.14,0.04,6.75,0.0
2,204,20401,Fruits et légumes,13009,"Citron, pulpe, cru",118.0,27.6,0.25,11.0,0.04,0.15,10.0,7.9,0.02,12.0,140.0,10.0,2.5,0.33,0.0,0.0,0.04,0.4,45.0,0.043,0.005,0.05,0.14,0.023,28.4,0.0
2,204,20401,Fruits et légumes,13012,"Figue, crue",293.0,69.4,4.1,57.0,0.08,0.27,10.0,22.0,0.06,21.0,230.0,10.0,5.0,0.16,0.0,0.0,0.04,5.22,0.25,0.0075,0.005,0.37,0.15,0.059,24.5,0.0
2,204,20401,Fruits et légumes,13014,"Fraise, crue",162.0,38.6,3.8,18.0,0.02,0.19,10.0,12.0,0.26,23.0,140.0,10.0,2.5,0.11,0.0,0.0,0.3,0.4,54.0,0.0075,0.005,0.21,0.13,0.04,98.9,0.0
2,204,20401,Fruits et légumes,13015,"Framboise, crue",206.0,49.2,4.3,16.0,0.04,0.4,10.0,20.0,0.44,29.0,170.0,10.0,2.5,0.24,0.0,0.0,0.88,5.02,18.7,0.0075,0.02,0.35,0.85,0.032,38.1,0.0
2,204,20401,Fruits et légumes,13021,"Kiwi, pulpe et graines, cru",255.0,60.5,2.4,29.0,0.15,0.16,10.0,12.0,0.05,26.0,290.0,10.0,2.5,0.12,0.0,0.0,0.96,16.6,81.9,0.0075,0.021,0.23,0.24,0.036,22.2,0.0
2,204,20401,Fruits et légumes,13024,"Clémentine ou Mandarine, pulpe, crue",200.0,47.3,1.7,23.0,0.04,0.09,10.0,9.3,0.02,18.0,140.0,10.0,2.5,0.1,0.0,0.0,0.21,0.4,49.2,0.064,0.005,0.23,0.2,0.079,27.6,0.0
2,204,20401,Fruits et légumes,13028,"Myrtille, crue",244.0,57.7,2.4,6.0,0.057,0.28,0.5,6.0,0.34,12.0,77.0,0.0,1.0,0.16,0.0,0.0,0.57,19.3,9.7,0.037,0.041,0.42,0.12,0.052,6.0,0.0
2,204,20401,Fruits et légumes,13034,"Orange, pulpe, crue",192.0,45.5,2.7,66.0,0.04,0.57,10.0,15.0,0.02,38.0,180.0,10.0,2.5,0.25,0.0,0.0,0.19,0.4,47.5,0.045,0.005,0.37,0.16,0.005,25.9,0.0
2,204,20401,Fruits et légumes,13036,"Pastèque, pulpe, crue",165.0,38.9,0.5,6.0,0.03,0.16,10.0,11.0,0.02,9.7,100.0,10.0,2.5,0.09,0.0,0.0,0.04,0.4,4.26,0.015,0.01,0.3,0.2,0.064,36.9,0.0
2,204,20401,Fruits et légumes,13037,"Poire, pulpe et peau, crue",0.0,0.0,2.9,6.46,0.071,0.072,0.4,8.23,0.03,15.4,132.0,5.0,1.8,0.097,0.0,0.0,0.41,4.4,4.62,0.015,0.021,0.23,0.06,0.022,11.5,0.0
2,204,20401,Fruits et légumes,13039,"Pomme, pulpe et peau, crue",0.0,0.0,1.4,5.34,0.041,0.099,0.2,6.47,0.036,14.4,119.0,5.0,1.5,0.031,0.0,0.0,0.37,2.39,6.25,0.016,0.019,0.091,0.079,0.048,6.0,0.0
2,204,20401,Fruits et légumes,13040,"Pomelo (dit Pamplemousse), pulpe, cru",169.0,39.8,0.8,14.0,0.02,0.06,10.0,7.2,0.02,17.0,140.0,10.0,2.5,0.07,0.0,0.0,0.04,0.4,42.4,0.043,0.005,0.05,0.19,0.36,52.9,0.0
2,204,20401,Fruits et légumes,13050,"Pomme, pulpe, crue",0.0,0.0,1.3,5.0,0.031,0.07,0.1,4.0,0.038,11.0,90.0,0.15,0.0,0.05,0.0,0.0,0.05,0.6,4.0,0.019,0.028,0.091,0.071,0.037,0.0,0.0
2,204,20401,Fruits et légumes,13067,"Citron vert ou Lime, pulpe, cru",170.0,40.2,4.3,57.0,0.08,0.2,10.0,14.0,0.09,24.0,190.0,10.0,6.0,0.15,0.0,0.0,0.45,0.4,29.3,0.0075,0.023,0.25,0.23,0.018,36.5,0.0
2,204,20401,Fruits et légumes,13100,"Prune, crue",0.0,0.0,1.5,7.29,0.06,0.16,0.4,6.0,0.076,17.8,149.0,0.11,3.0,0.096,0.0,0.0,0.33,6.4,7.25,0.024,0.026,0.41,0.14,0.037,4.0,0.0
2,204,20401,Fruits et légumes,13112,"Raisin, cru",0.0,0.0,0.9,10.0,0.13,0.36,0.75,7.0,0.071,20.0,191.0,0.8,2.0,0.07,0.0,0.0,0.19,14.6,3.2,0.069,0.07,0.19,0.05,0.086,2.0,0.0
2,204,20401,Fruits et légumes,13125,"Citron, zeste, cru",0.0,0.0,10.6,134.0,0.092,0.9,0.0,15.0,0.0,12.0,160.0,7.0,6.0,0.25,0.0,0.0,0.25,0.0,129.0,0.06,0.08,0.4,0.32,0.17,13.0,0.0
2,204,20401,Fruits et légumes,13132,"Myrtille, surgelée, crue",0.0,0.0,2.81,10.0,0.035,0.39,0.0,4.25,0.18,10.0,55.5,0.0,1.0,0.068,0.0,0.0,0.5,17.1,8.08,0.029,0.041,0.45,0.13,0.059,7.0,0.0
2,204,20404,Epicerie,13001,"Abricot, dénoyauté, sec",1010.0,239.0,8.3,71.0,0.45,1.4,10.0,41.0,0.27,79.0,1400.0,10.0,2.5,0.35,0.0,0.125,5.52,0.4,0.25,0.0075,0.005,1.12,0.69,0.48,8.85,0.0
2,204,20404,Epicerie,13046,"Raisin, sec",1360.0,321.0,4.2,54.0,0.38,1.7,10.0,35.0,0.28,82.0,960.0,10.0,5.0,0.24,0.0,0.125,1.67,12.6,0.25,0.075,0.005,0.53,0.084,0.061,82.0,0.012
2,204,20404,Epicerie,13118,"Pêche, sèche",0.0,0.0,14.3,25.0,0.63,6.8,2.8,80.0,0.67,120.0,945.0,0.0,79.0,0.57,0.0,0.0,0.0,0.0,4.8,0.002,0.065,1.3,0.3,0.15,14.0,0.0
2,204,20405,Epicerie,13430,"Melon, pulpe, cru, prélevé à la Martinique",0.0,0.0,0.0,0.0,0.0,0.0,0.0,0.0,0.0,0.0,0.0,0.0,0.0,0.0,0.0,0.0,0.0,0.0,27.2,0.0,0.0,0.0,0.0,0.0,0.0,0.0
2,205,0,Epicerie,15000,Amande (avec peau),0.0,0.0,12.5,260.0,0.96,3.4,10.0,270.0,1.9,510.0,800.0,10.0,2.5,3.5,0.0,0.125,22.3,0.4,0.25,0.15,0.29,1.97,0.62,0.07,120.0,0.0
2,205,0,Epicerie,15004,Noisette,0.0,0.0,11.6,120.0,1.7,3.0,10.0,160.0,3.3,340.0,860.0,10.0,2.5,2.3,0.0,0.125,16.3,0.4,0.25,0.35,0.088,0.71,1.64,0.21,65.2,0.0
2,205,0,Epicerie,15005,"Noix, séchée, cerneaux",0.0,0.0,6.7,75.0,1.1,2.2,10.0,140.0,2.9,360.0,430.0,10.0,2.5,2.7,0.0,0.125,1.67,2.4,0.77,0.3,0.05,0.4,0.67,0.19,120.0,0.04
2,205,0,Epicerie,15010,"Sésame, graine",0.0,0.0,14.9,962.0,1.58,14.6,2.5,324.0,1.24,605.0,468.0,26.5,2.31,5.74,0.0,0.0,0.25,0.0,0.0,0.79,0.25,4.52,0.05,0.79,97.0,0.0
2,205,0,Epicerie,15011,"Tournesol, graine",0.0,0.0,6.4,86.5,1.5,4.9,5.0,364.0,1.95,477.0,578.0,8.41,5.5,3.8,0.0,0.0,42.3,0.0,1.4,1.98,0.16,4.8,0.83,1.24,254.0,0.0
2,205,0,Epicerie,15023,"Noix, fraîche",0.0,0.0,3.9,94.0,0.93,1.5,10.0,120.0,2.7,260.0,390.0,10.0,2.5,2.2,0.0,0.125,1.6,2.04,0.25,0.21,0.12,0.38,1.06,0.16,108.0,0.0
2,205,0,Epicerie,15025,Pignon de pin,0.0,0.0,10.0,6.2,1.2,4.6,11.2,227.0,8.2,527.0,662.0,2.5,9.0,5.6,0.0,0.0,8.47,53.9,0.25,0.57,0.11,3.29,0.26,0.14,80.2,0.0
2,205,0,Epicerie,15026,Noix de pécan,0.0,0.0,8.33,69.8,1.2,2.57,2.0,123.0,4.27,277.0,409.0,5.2,1.0,4.61,0.0,0.0,1.4,3.5,0.97,0.59,0.12,1.17,0.82,0.2,19.8,0.0
2,205,0,Epicerie,15027,Noix de macadamia,0.0,0.0,8.6,85.0,0.76,3.69,2.0,130.0,4.13,188.0,368.0,0.0,5.0,1.3,0.0,0.0,0.54,0.0,1.2,1.2,0.16,2.47,0.76,0.28,11.0,0.0
2,205,0,Epicerie,15028,"Cucurbitacées, graine",0.0,0.0,6.0,46.0,1.34,8.82,0.0,592.0,4.54,1230.0,809.0,0.0,7.0,7.81,0.0,0.0,2.18,7.3,1.9,0.27,0.15,4.99,0.75,0.14,58.0,0.0
2,205,0,Epicerie,15035,"Sésame, graine décortiquée",0.0,0.0,11.9,62.4,1.4,6.36,0.2,348.0,1.95,703.0,419.0,24.4,29.0,7.24,0.0,0.0,1.68,0.0,0.0,0.75,0.17,5.16,0.17,0.6,106.0,0.0
2,205,0,Epicerie,15038,"Sésame, grillé, graine décortiquée",0.0,0.0,16.9,131.0,1.46,7.78,0.0,346.0,1.43,774.0,406.0,0.0,39.0,10.2,0.0,0.0,0.25,0.0,0.0,1.21,0.47,5.44,0.68,0.15,96.0,0.0
2,205,0,Epicerie,15047,"Chia, graine, séchée",0.0,0.0,34.4,631.0,0.92,7.72,0.0,335.0,2.72,860.0,407.0,0.0,16.0,4.58,0.0,0.0,0.5,0.0,1.6,0.62,0.17,8.83,0.0,0.0,49.0,0.0
2,205,0,Epicerie,15052,"Lin, brun, graine",0.0,0.0,26.9,210.0,1.3,5.7,10.0,300.0,2.0,560.0,750.0,10.0,38.0,5.1,0.0,0.125,0.5,4.55,0.0,0.47,0.005,0.05,0.81,0.17,71.6,0.0
2,205,0,Epicerie,15055,"Noix de cajou, grillée à sec, non salée",2610.0,630.0,5.7,38.0,2.7,5.7,0.0,280.0,1.8,530.0,680.0,20.0,8.0,5.6,0.0,0.125,0.58,31.3,0.25,0.36,0.049,0.56,0.98,0.17,25.6,0.0
3,301,30101,Epicerie,9876,"Pâtes, sans gluten, à base de lentilles corail, cuites à l'eau, non salées",709.0,168.0,4.9,29.0,0.48,2.7,0.0,59.0,0.57,130.0,240.0,10.0,2.5,1.8,0.0,0.0,0.04,2.12,0.0,0.12,0.005,0.21,0.29,0.066,23.1,0.0
3,301,30102,Epicerie,9080,"Blé dur précuit, entier, cru",1520.0,359.0,6.67,55.0,0.4,0.0,0.0,50.0,3.4,238.0,950.0,0.0,4.0,0.0,0.0,0.0,0.0,0.0,0.0,1.11,0.0,8.4,0.6,0.3,331.0,0.0
3,301,30102,Epicerie,9100,"Riz blanc, cru",1490.0,352.0,1.05,33.0,0.19,1.57,2.2,31.3,0.99,118.0,121.0,6.0,2.28,1.41,0.0,0.0,0.08,0.1,0.0,0.15,0.042,1.92,0.88,0.13,19.3,0.0
3,301,30102,Epicerie,9102,"Riz complet, cru",1480.0,350.0,5.0,11.1,0.27,0.5,5.0,118.0,2.2,163.0,219.0,2.5,4.1,2.0,0.0,0.0,0.2,1.9,0.0,0.26,0.05,0.025,1.1,0.09,48.0,0.0
3,301,30102,Epicerie,9108,"Riz sauvage, cru",1460.0,344.0,5.9,6.95,0.5,0.5,5.0,90.1,1.1,317.0,298.0,2.5,2.7,3.7,0.0,0.0,0.05,1.9,0.0,0.41,0.15,3.5,1.1,0.24,49.0,0.0
3,301,30102,Epicerie,9109,"Riz rouge, cru",1490.0,352.0,4.5,13.5,0.5,0.5,5.0,130.0,2.0,372.0,288.0,2.5,11.0,2.1,0.0,0.0,0.7,0.0,0.0,0.26,0.06,1.7,1.1,0.12,15.0,0.0
3,301,30102,Epicerie,9119,"Riz thaï ou basmati, cru",1500.0,353.0,0.92,0.0,0.0,0.0,0.0,0.0,0.0,0.0,0.0,0.0,6.39,0.0,0.0,0.0,0.0,0.0,0.0,0.0,0.0,0.0,0.0,0.0,0.0,0.0
3,301,30102,Epicerie,9120,"Riz thaï ou basmati, cuit, non salé",0.0,0.0,0.8,10.0,0.07,0.07,10.0,7.2,0.26,29.0,11.0,10.0,2.5,0.44,0.0,0.0,0.04,0.4,0.25,0.01,0.005,0.05,0.16,0.03,10.7,0.048
3,301,30102,Epicerie,9340,"Quinoa, cru",1510.0,358.0,7.0,47.0,0.59,4.57,0.0,197.0,2.03,457.0,563.0,0.0,5.0,3.1,0.0,0.0,2.44,0.0,0.0,0.36,0.32,1.52,0.77,0.49,184.0,0.0
3,301,30102,Epicerie,9610,"Semoule de blé dur, crue",1490.0,352.0,3.37,16.9,0.3,0.92,0.3,26.5,2.31,102.0,152.0,1.0,1.2,2.18,0.0,0.0,0.1,30.0,0.0,0.25,0.063,2.16,0.54,0.094,57.0,0.0
3,301,30102,Epicerie,9690,"Boulgour de blé, cru",1490.0,351.0,9.57,34.3,0.33,2.46,2.7,140.0,3.32,285.0,410.0,4.1,17.0,2.37,0.0,0.0,0.73,16.0,0.0,0.23,0.12,5.11,1.07,0.35,24.0,0.0
3,301,30102,Epicerie,9810,"Pâtes sèches standard, crues",1420.0,336.0,3.0,20.5,0.27,1.5,0.6,57.5,0.75,165.0,219.0,4.8,9.2,1.31,0.0,0.0,0.2,0.1,0.0,0.12,0.048,1.35,0.37,0.096,23.7,0.0
3,301,30102,Epicerie,9863,"Pâtes ou nouilles asiatiques au blé et aux oeufs, crues, nature",1570.0,371.0,4.0,0.0,0.0,0.0,0.0,0.0,0.0,0.0,0.0,0.0,397.0,0.0,0.0,0.0,0.0,0.0,0.0,0.0,0.0,0.0,0.0,0.0,0.0,0.0
3,301,30102,Epicerie,9870,"Pâtes sèches, au blé complet, crues",1490.0,353.0,6.1,32.1,0.5,3.2,10.0,82.2,1.8,160.0,378.0,5.8,6.2,1.9,0.0,0.0,0.05,0.0,0.0,0.25,0.07,0.87,0.66,0.13,22.4,0.0
3,302,30201,Boulangerie,7110,Pain complet ou intégral (à la farine T150),1030.0,244.0,6.9,39.0,0.21,2.1,10.0,51.0,1.6,180.0,240.0,10.0,448.0,1.4,0.0,0.86,0.29,0.4,0.25,0.11,0.005,0.05,0.44,0.087,35.6,0.0
3,302,30201,Boulangerie,7125,"Pain de seigle, et froment",1100.0,260.0,4.5,33.0,0.14,1.2,10.0,27.0,0.74,110.0,170.0,10.0,538.0,0.86,0.0,0.125,0.26,0.4,0.25,0.11,0.005,0.28,0.44,0.005,49.3,0.0
3,305,30501,Epicerie,9311,Flocon d'avoine,1550.0,367.0,10.2,84.3,0.3,4.05,0.5,148.0,4.72,422.0,377.0,3.05,5.68,3.33,0.0,0.0,0.59,2.0,0.0,0.43,0.14,0.96,1.31,0.12,39.6,0.0
3,305,30501,Epicerie,9415,Farine de blé tendre ou froment T150,1450.0,342.0,10.2,31.9,0.35,2.7,0.0,85.1,2.7,323.0,407.0,0.0,14.0,2.5,0.0,0.0,1.04,0.0,0.25,0.34,0.11,3.48,1.02,0.26,52.4,0.0
3,305,30501,Epicerie,9436,Farine de blé tendre ou froment T55 (pour pains),1480.0,350.0,3.2,23.0,0.14,1.0,10.0,27.0,0.64,110.0,180.0,10.0,2.5,0.81,0.0,0.125,0.4,0.4,0.25,0.15,0.005,0.05,0.56,0.054,15.4,0.0
3,305,30501,Epicerie,9480,Farine d'épeautre (grand épeautre),1490.0,352.0,9.3,31.0,0.42,3.0,10.0,92.0,2.5,340.0,360.0,10.0,2.5,2.8,0.0,0.125,0.0,2.87,0.25,0.29,0.005,0.64,0.71,0.21,59.3,0.0
3,305,30502,Frais,23424,"Pâte feuilletée pur beurre, crue",1540.0,368.0,2.32,0.0,0.0,0.0,0.0,0.0,0.0,0.0,0.0,0.0,548.0,0.0,0.0,0.0,0.0,0.0,0.0,0.0,0.0,0.0,0.0,0.0,0.0,0.0
4,401,40103,Boucherie,36041,"Poulet, filet, sans peau, sauté/poêlé, bio",611.0,144.0,0.0,4.5,0.03,0.36,10.0,34.0,0.005,270.0,420.0,20.0,46.0,0.64,10.5,0.43,0.082,0.0,0.25,0.035,0.051,14.0,1.51,0.2,8.97,0.19
4,402,40201,Boucherie,6116,"Boeuf, filet, cru",553.0,132.0,0.0,0.0,0.0,2.57,0.0,0.0,0.0,0.0,0.0,8.83,61.8,3.22,0.0,0.0,0.0,0.0,0.0,0.0,0.0,0.0,0.0,0.0,0.0,1.73
4,402,40201,Boucherie,6206,"Boeuf, rumsteck, cru",482.0,114.0,0.0,7.33,0.067,2.48,0.9,16.5,0.0075,195.0,326.0,9.3,50.5,3.54,6.0,0.5,0.29,1.5,0.0,0.062,0.21,6.17,0.58,0.57,5.0,1.52
4,402,40201,Boucherie,6250,"Boeuf, steak haché 5% MG, cru",547.0,130.0,0.0,7.0,0.082,2.65,0.8,22.0,0.011,184.0,353.0,6.72,37.8,4.54,4.0,0.25,0.2,0.3,0.0,0.048,0.17,4.7,0.64,0.34,6.0,2.12
4,402,40201,Boucherie,6254,"Boeuf, steak haché 15% MG, cru",873.0,209.0,0.0,9.33,0.069,2.64,1.0,20.0,0.011,171.0,302.0,6.78,41.7,4.8,9.5,0.35,0.26,1.3,1.0,0.048,0.17,4.1,0.51,0.2,5.75,1.9
4,402,40201,Boucherie,6560,"Veau, épaule, crue",523.0,124.0,0.0,16.0,0.12,1.16,2.8,24.0,0.029,208.0,311.0,6.9,61.1,3.98,0.0,0.5,0.26,0.0,0.0,0.09,0.29,6.0,1.45,0.38,11.0,2.69
4,402,40202,Boucherie,28302,"Porc, échine, crue",826.0,198.0,0.0,5.0,0.083,1.0,3.13,19.6,0.03,148.0,250.0,17.9,76.0,1.76,9.0,0.24,0.0,0.0,0.0,0.89,0.22,4.5,0.0,0.0,0.0,0.56
4,402,40203,Boucherie,36029,"Poulet, poitrine, viande et peau, cru",657.0,157.0,0.0,11.0,0.039,0.82,0.0,25.0,0.018,186.0,220.0,0.0,63.0,0.8,24.0,0.95,0.39,0.0,1.0,0.062,0.088,9.9,0.8,0.53,4.0,0.34
4,402,40203,Boucherie,36038,"Poulet, cuisse, viande et peau, cru, label rouge",723.0,173.0,0.0,6.1,0.07,1.0,10.0,23.0,0.02,200.0,330.0,20.0,84.0,1.8,34.0,0.73,0.89,0.0,1.09,0.08,0.095,5.1,1.62,0.19,6.04,0.48
4,402,40203,Boucherie,36040,"Poulet, filet, sans peau, cru, label rouge",478.0,113.0,0.0,3.6,0.02,0.3,10.0,30.0,0.005,230.0,370.0,10.0,40.0,0.54,10.5,0.125,0.35,0.0,1.12,0.058,0.022,12.7,1.12,0.37,12.0,0.21
4,402,40204,Boucherie,36304,"Dinde, escalope, crue",463.0,109.0,0.0,16.4,0.07,1.02,0.0,28.0,0.011,201.0,242.0,10.0,82.8,1.28,6.0,0.1,0.06,0.0,0.0,0.042,0.15,9.92,0.78,0.81,7.0,0.63
4,402,40205,Boucherie,21502,"Agneau, gigot, cru",538.0,128.0,0.0,10.0,0.12,1.51,0.7,21.9,0.015,177.0,255.0,7.73,48.7,3.0,45.0,0.4,0.46,0.0,1.0,0.15,0.27,6.52,0.63,0.26,9.8,2.17
4,402,40207,Boucherie,36206,"Canard, magret, cru",1410.0,340.0,0.0,5.0,0.0,0.0,0.0,0.0,0.0,0.0,0.0,0.0,54.4,0.0,0.0,0.0,0.0,0.0,0.0,0.0,0.0,0.0,0.0,0.0,0.0,0.0
4,402,40208,Boucherie,40106,"Foie, veau, cru",505.0,120.0,0.0,4.9,22.0,4.6,10.0,18.0,0.13,280.0,320.0,40.0,62.7,5.3,13800.0,0.62,0.79,0.4,9.75,0.14,0.67,17.1,3.13,0.5,1180.0,46.5
4,403,40301,Charcuterie,28900,"Jambon cuit, supérieur",527.0,125.0,0.075,10.0,0.2,0.54,2.5,22.5,0.1,193.0,362.0,10.4,749.0,2.0,0.0,0.25,0.25,0.0,18.1,0.54,0.2,5.73,0.4,0.3,16.0,0.31
4,403,40301,Charcuterie,28910,"Jambon cuit, choix",528.0,125.0,0.08,0.0,0.0,0.0,0.0,0.0,0.0,146.0,0.0,0.0,945.0,0.0,0.0,0.0,0.0,0.0,0.0,0.0,0.0,0.0,0.0,0.0,0.0,0.0
4,403,40301,Charcuterie,28963,Jambon de poulet ou Blanc de poulet en tranche,446.0,106.0,0.53,6.3,0.04,0.34,10.0,29.0,0.01,240.0,380.0,25.0,766.0,0.58,10.5,0.25,0.51,0.4,17.9,0.086,0.08,9.62,1.16,0.3,5.64,0.29
4,403,40302,Charcuterie,28800,Jambon cru,939.0,225.0,0.0,10.4,0.079,0.97,1.2,36.2,0.012,228.0,591.0,5.66,2250.0,2.37,0.0,0.6,0.21,0.0,13.0,0.89,0.21,8.1,0.0,0.56,1.24,0.33
4,403,40302,Charcuterie,28801,"Jambon cru, fumé",1020.0,246.0,0.0,5.16,0.05,0.9,2.5,20.0,0.05,275.0,256.0,24.2,2050.0,0.28,0.0,0.25,0.03,0.0,0.0,0.41,0.19,3.4,0.6,0.4,1.5,1.0
4,403,40304,Charcuterie,30110,"Saucisse de Toulouse, crue",1350.0,327.0,0.0,28.9,0.069,0.9,7.0,21.7,0.023,137.0,0.0,11.2,747.0,2.22,0.0,0.0,0.0,0.0,0.0,0.0,0.0,0.0,0.0,0.0,0.0,0.0
4,403,40304,Charcuterie,30150,"Merguez, crue",1310.0,316.0,0.0,22.1,0.083,0.0,7.0,23.3,0.055,60.0,0.0,2.38,900.0,2.78,0.0,0.0,0.0,0.0,0.0,0.0,0.0,0.0,0.0,0.0,0.0,0.0
4,403,40308,Charcuterie,28501,"Lardon nature, cru",1120.0,270.0,0.38,10.0,0.35,0.42,0.7,15.6,0.1,147.0,540.0,5.77,1130.0,1.67,0.0,0.75,0.3,0.0,0.8,0.42,0.16,4.87,0.4,0.21,1.0,0.38
4,403,40308,Charcuterie,28720,"Lardon fumé, cru",1140.0,275.0,0.34,18.2,0.05,0.6,11.1,23.8,0.05,122.0,596.0,2.5,1100.0,1.2,1.0,0.48,0.19,0.0,0.9,0.38,0.11,4.9,0.44,0.25,21.1,0.42
4,403,40308,Charcuterie,30315,Chorizo,1790.0,433.0,0.93,0.0,0.0,0.0,7.0,0.0,0.0,0.0,0.0,0.0,1690.0,0.0,0.0,0.0,0.0,0.0,0.0,0.0,0.0,0.0,0.0,0.0,0.0,0.0
4,404,0,Charcuterie,6260,"Haché à base de boeuf ou Préparation de viande hachée de boeuf, 15% MG, cru, prémeballé",0.0,0.0,1.55,0.0,0.0,2.5,0.0,0.0,0.0,0.0,0.0,0.0,313.0,0.0,0.0,0.0,0.0,0.0,0.0,0.0,0.0,0.0,0.0,0.0,0.0,0.0
4,405,0,Poissonnerie,26037,Saumon fumé,743.0,178.0,0.125,5.97,0.035,0.16,40.0,38.3,0.0098,214.0,551.0,5.0,1410.0,0.24,15.0,5.45,2.85,0.0,0.0,0.23,0.1,10.0,0.71,1.0,26.0,3.35
4,406,0,Poissonnerie,26018,"Lotte ou baudroie, crue",285.0,67.2,0.1,18.2,0.027,0.3,32.2,20.7,0.022,241.0,296.0,34.5,77.8,0.55,6.0,1.43,0.0,0.0,0.67,0.027,0.06,2.1,0.15,0.24,7.0,0.9
4,406,0,Poissonnerie,26036,"Saumon, cru, élevage",807.0,194.0,0.125,5.84,0.05,0.48,8.21,27.4,0.05,181.0,358.0,16.5,45.4,0.36,4.27,3.69,1.89,0.3,1.8,0.21,0.076,8.25,0.95,0.58,20.8,3.95
4,406,0,Poissonnerie,26043,"Cabillaud, cru",329.0,77.6,0.1,4.43,0.05,0.49,101.0,25.6,0.05,163.0,357.0,136.0,65.2,0.39,1.0,1.41,0.51,0.1,1.0,0.02,0.049,2.18,0.14,0.16,21.2,1.32
4,406,0,Poissonnerie,26051,"Maquereau, cru",808.0,194.0,0.0,4.92,0.05,0.48,87.2,28.4,0.05,190.0,340.0,37.6,64.0,0.6,56.6,6.44,1.08,3.6,0.2,0.086,0.19,9.13,0.32,0.53,8.16,4.9
4,406,0,Poissonnerie,26053,"Thon, cru",607.0,144.0,0.0,17.7,0.13,1.77,26.9,34.9,0.023,229.0,429.0,97.1,49.0,0.55,265.0,7.8,1.2,0.0,1.37,0.13,0.12,11.0,0.66,0.54,13.6,3.79
4,406,0,Poissonnerie,26134,"Lieu noir, cru",350.0,82.5,0.0,14.7,0.05,1.3,143.0,30.7,0.05,207.0,385.0,120.0,80.5,0.57,2.8,1.77,0.36,0.0,0.0,0.13,0.15,2.26,0.4,0.25,10.0,4.38
4,406,0,Poissonnerie,26161,"Saumon, cru, sauvage",695.0,166.0,0.0,13.5,0.16,0.66,12.2,29.2,0.016,225.0,436.0,27.0,46.0,0.58,19.5,4.3,1.11,0.3,0.0,0.21,0.24,8.83,1.48,0.49,13.1,4.84
4,407,0,Poissonnerie,10007,"Crevette, cuite",397.0,93.8,0.0,240.0,0.68,1.98,2.5,61.0,0.077,57.0,254.0,21.5,541.0,1.69,1.0,0.25,2.48,0.2,0.83,0.019,0.04,1.77,0.31,0.1,14.6,1.64
4,408,0,Poissonnerie,10001,"Calmar ou calamar ou encornet, cru",326.0,77.0,0.0,17.5,0.15,0.2,12.8,44.2,0.05,166.0,227.0,23.8,243.0,1.13,2.0,0.36,1.39,0.0,4.7,0.02,0.032,1.57,0.24,0.096,11.0,3.15
4,408,0,Poissonnerie,10021,"Crevette, crue",420.0,99.0,0.0,84.8,0.72,3.21,120.0,49.8,0.17,195.0,278.0,34.0,182.0,2.81,0.0,0.1,1.7,0.0,0.0,0.035,0.03,3.2,0.37,0.15,19.0,1.0
4,409,0,Epicerie,26000,"Anchois, filets à l'huile, semi-conserve, égoutté",765.0,182.0,0.125,189.0,0.25,3.22,30.0,43.7,0.1,231.0,355.0,8.0,4210.0,2.92,5.0,1.7,1.16,12.1,0.25,0.02,0.25,3.9,0.63,0.37,14.5,20.9
4,409,0,Epicerie,26039,"Thon, au naturel, appertisé, égoutté",471.0,111.0,0.0,6.26,0.031,0.76,16.0,24.0,0.0037,155.0,207.0,305.0,251.0,0.45,6.5,5.08,1.2,0.0,0.0,0.03,0.053,13.6,0.094,0.44,16.3,2.53
4,409,0,Epicerie,26040,"Sardine, à l'huile d'olive, appertisée, égouttée",845.0,202.0,0.0,798.0,0.05,3.3,15.0,0.0,0.16,530.0,357.0,11.0,291.0,2.2,4.0,10.8,1.9,0.0,0.0,0.02,0.15,7.1,0.69,0.36,12.0,13.7
4,409,0,Epicerie,26119,"Saumon, appertisé, égoutté",751.0,180.0,0.0,270.0,0.038,0.45,30.0,42.0,0.048,440.0,300.0,42.0,488.0,0.7,90.0,13.0,1.5,0.0,0.0,0.04,0.18,7.0,0.55,0.45,12.0,3.1
4,410,41002,Œufs,22000,"Oeuf, cru",584.0,140.0,0.0,76.8,0.055,1.88,21.0,11.0,0.027,204.0,134.0,1.29,124.0,1.01,182.0,1.88,1.43,0.3,0.0,0.055,0.45,0.063,1.57,0.15,34.0,1.45
4,410,41002,Œufs,22002,"Oeuf, jaune (jaune d'oeuf), cru",1270.0,307.0,0.0,50.2,0.05,0.7,175.0,1.5,0.05,141.0,43.0,83.5,19.1,1.1,336.0,2.0,3.89,0.7,0.0,0.17,0.38,0.08,2.87,0.29,159.0,3.03
4,411,0,Traiteur,20904,"Tofu nature, préemballé",617.0,148.0,0.25,100.0,0.24,2.4,10.0,100.0,0.93,210.0,140.0,10.0,10.0,1.3,0.0,0.125,0.71,12.7,0.25,0.024,0.005,0.13,0.14,0.028,25.1,0.0
5,501,50101,Produits laitiers,19041,"Lait demi-écrémé, UHT",198.0,47.0,0.0,117.0,0.0087,0.045,12.1,12.1,0.0031,89.1,167.0,5.0,36.0,0.39,19.2,0.25,0.13,0.2,1.5,0.06,0.18,0.093,0.41,0.037,9.49,0.38
5,501,50101,Produits laitiers,19060,Lait demi-écrémé (ou à teneur en matière grasse légèrement inférieure) à teneur réduite en lactose,187.0,44.4,0.0,120.0,0.0,0.0,0.0,0.0,0.0,0.0,0.0,0.0,35.0,0.0,0.0,0.0,0.0,0.0,0.0,0.0,0.0,0.0,0.0,0.0,0.0,0.0
5,502,50201,Produits laitiers,19544,"Lait fermenté ou spécialité laitière type yaourt, nature, 0% MG, au bifidus",0.0,0.0,0.0,149.0,0.0,0.0,0.0,0.0,0.0,0.0,0.0,0.0,55.0,0.0,0.0,0.0,0.0,0.0,0.0,0.0,0.0,0.0,0.0,0.0,0.0,0.0
5,502,50201,Produits laitiers,19593,"Yaourt, lait fermenté ou spécialité laitière, nature",191.0,45.5,1.5,128.0,0.0078,0.25,26.3,12.5,0.0053,98.0,176.0,1.675,43.0,0.39,11.0,0.8,0.076,0.2,0.25,0.04,0.26,0.19,0.31,0.057,25.0,0.33
5,502,50201,Produits laitiers,19594,"Yaourt, lait fermenté ou spécialité laitière, nature, 0% MG",168.0,39.4,0.0,129.0,0.0083,0.1,27.8,13.6,0.0026,105.0,182.0,2.25,57.3,0.46,1.5,0.8,0.0,0.2,0.25,0.042,0.24,0.26,0.44,0.065,28.0,0.29
5,502,50201,Produits laitiers,19860,"Yaourt à la grecque, nature",0.0,0.0,0.07,139.0,0.0,0.0,0.0,0.0,0.0,0.0,0.0,0.0,34.5,0.0,0.0,0.0,0.0,0.0,0.0,0.0,0.0,0.0,0.0,0.0,0.0,0.0
5,502,50202,Produits laitiers,19644,"Fromage blanc nature, 0% MG",210.0,49.4,0.0,134.0,0.011,0.16,10.4,12.2,0.0051,116.0,144.0,1.675,44.3,0.49,4.0,0.1,0.0,0.0,0.0,0.044,0.24,0.2,0.33,0.058,24.0,0.4
5,502,50202,Produits laitiers,19646,"Fromage blanc nature, 3% MG environ",323.0,76.9,0.0,130.0,0.01,0.13,14.5,10.2,0.05,115.0,132.0,2.25,42.4,0.52,29.0,1.5,0.14,0.0,0.25,0.037,0.24,0.19,0.38,0.047,26.0,0.4
5,502,50202,Produits laitiers,19663,"Fromage frais type petit suisse, nature, 0% MG",0.0,0.0,0.0,127.0,0.0,0.5,54.0,11.4,0.0,129.0,166.0,9.3,44.8,0.0,1.0,0.1,0.05,0.0,0.0,0.0,0.21,0.1,0.52,0.025,14.2,1.6
5,503,50302,Fromagerie,12500,Roquefort,1590.0,384.0,0.0,660.0,0.024,0.1,51.2,31.9,0.019,392.0,115.0,5.0,1290.0,1.83,212.0,0.0,0.12,0.0,0.0,0.044,0.67,0.73,0.62,0.081,29.1,0.57
5,503,50303,Fromagerie,12110,Comté,1730.0,418.0,0.0,993.0,0.61,0.49,24.4,43.7,0.03,681.0,116.0,7.02,322.0,3.84,263.0,0.0,0.8,0.0,0.0,0.0,0.38,0.0,0.0,0.0,5.0,2.59
5,503,50303,Fromagerie,12114,Gruyère,1760.0,423.0,0.0,1090.0,0.41,0.29,13.8,39.2,0.031,608.0,101.0,5.33,320.0,4.89,262.0,0.44,0.52,2.7,0.0,0.05,0.39,0.1,0.43,0.081,15.0,1.55
5,503,50303,Fromagerie,12115,Emmental ou emmenthal,1550.0,373.0,0.0,898.0,0.043,0.15,13.8,48.9,0.024,610.0,97.1,5.0,245.0,3.48,247.0,0.28,0.74,6.59,0.0,0.04,0.5,0.1,0.3,0.08,20.0,1.5
5,503,50303,Fromagerie,12120,Parmesan,1690.0,406.0,0.0,980.0,0.71,0.1,90.0,40.0,0.02,630.0,110.0,20.0,628.0,3.9,334.0,0.125,0.17,1.53,0.25,0.0075,0.26,1.23,0.34,0.18,16.0,2.64
5,503,50303,Fromagerie,12749,Raclette (fromage),1420.0,342.0,0.0,630.0,0.06,0.0,20.0,24.5,0.05,460.0,75.9,8.0,676.0,3.0,183.0,0.0,0.51,0.0,0.0,0.0,0.0,0.0,0.0,0.0,51.0,0.0
5,503,50305,Fromagerie,12060,"Fromage type feta, au lait de vache",1120.0,270.0,0.0,557.0,0.051,0.42,13.8,19.5,0.044,349.0,125.0,6.2,917.0,2.63,157.0,0.32,0.37,1.8,0.0,0.1,0.65,1.4,1.16,0.34,47.0,1.41
5,503,50305,Fromagerie,12061,Fromage 100% brebis (Feta AOP ou type Feta),0.0,0.0,0.0,318.0,0.05,0.2,0.0,18.3,0.0,207.0,95.0,0.0,1040.0,1.03,179.0,0.5,0.37,0.0,0.0,0.055,0.29,0.19,0.27,0.07,29.5,0.77
5,503,50305,Fromagerie,12800,"Fromage de chèvre frais, au lait pasteurisé (type bûchette fraîche)",0.0,0.0,0.0,96.7,0.05,0.22,28.3,11.2,0.0,161.0,0.0,7.58,387.0,0.79,146.0,0.25,0.32,0.0,0.0,0.02,0.34,0.6,0.18,0.045,50.8,0.0
5,503,50305,Fromagerie,12804,"Fromage de chèvre frais, au lait cru (type palet ou crottin frais)",0.0,0.0,0.0,91.6,0.05,0.28,29.1,12.1,0.0,154.0,0.0,4.36,309.0,0.37,113.0,0.25,0.38,0.0,0.0,0.02,0.43,0.55,0.29,0.042,43.1,0.0
5,503,50305,Fromagerie,19585,Ricotta,0.0,0.0,0.0,314.0,0.021,0.38,18.0,11.0,0.006,158.0,105.0,0.0,109.0,1.16,117.0,0.2,0.11,1.1,0.0,0.013,0.2,0.1,0.21,0.043,12.0,0.34
5,503,50305,Fromagerie,19591,"Mozzarella au lait de bufflonne ou buflesse (""di bufala"")",1080.0,260.0,0.0,260.0,0.03,0.11,30.0,9.8,0.01,210.0,17.0,10.0,197.0,2.1,141.0,0.125,0.28,2.35,0.0,0.0075,0.096,0.05,0.046,0.011,23.6,0.45
5,504,0,Crèmerie,19402,"Crème de lait ou spécialité à base de crème légère, teneur en matière grasse inconnue (aliment moyen)",1110.0,269.0,1.39,82.2,0.0075,0.098,10.6,8.13,0.0031,66.2,105.0,1.18,31.9,0.27,211.0,0.17,0.52,0.47,0.3,0.028,0.18,0.15,0.25,0.035,22.3,0.18
5,504,0,Crèmerie,19430,"Crème de lait, 15 à 20% MG, légère, semi-épaisse, UHT",798.0,194.0,1.5,99.0,0.007,0.04,12.0,10.0,0.007,84.0,128.0,1.3,33.0,0.35,113.0,0.18,0.34,0.0,0.5,0.036,0.19,0.08,0.3,0.047,12.0,0.37
5,504,0,Crèmerie,19436,"Crème de lait, 15 à 20% MG, légère, fluide, rayon frais",0.0,0.0,0.0,105.0,0.0,0.0,0.0,9.0,0.0,71.0,127.0,0.0,60.0,0.0,0.0,0.0,0.0,0.0,0.0,0.0,0.0,0.0,0.0,0.0,0.0,0.0
6,601,0,Boissons,18066,Eau du robinet,0.0,0.0,0.0,7.13,0.017,0.03,0.0,0.99,0.00082,0.0,0.73,0.0,2.4,0.011,0.0,0.0,0.0,0.0,0.0,0.0,0.0,0.0,0.0,0.0,0.0,0.0
6,602,60201,Boissons,2007,"Jus de citron, maison",0.0,0.0,0.3,12.4,0.042,0.24,0.6,5.99,0.008,14.5,132.0,1.1,2.62,0.049,0.0,0.0,0.095,0.0,42.4,0.022,0.013,0.096,0.12,0.048,13.5,0.0
6,602,60201,Boissons,2014,"Jus de pomme, à base de concentré",206.0,48.5,0.3,6.45,0.011,0.085,0.7,7.07,0.026,6.0,128.0,5.0,3.98,0.01,0.0,0.0,0.01,0.0,13.2,0.021,0.017,0.16,0.063,0.03,4.95,0.0
6,602,60201,Boissons,2028,"Jus de citron, pur jus",0.0,0.0,0.4,11.0,0.037,0.13,0.0,8.0,0.02,9.0,102.0,0.0,21.0,0.06,0.0,0.0,0.15,0.0,24.8,0.041,0.009,0.2,0.091,0.043,10.0,0.0
6,602,60201,Boissons,2030,"Jus de citron vert, maison",0.0,0.0,0.4,14.0,0.027,0.09,0.0,8.0,0.018,14.0,117.0,0.0,2.0,0.08,0.0,0.0,0.22,0.6,30.0,0.025,0.015,0.14,0.12,0.038,10.0,0.0
6,602,60201,Boissons,2031,"Jus de citron vert, pur jus",0.0,0.0,0.45,12.0,0.03,0.23,1.2,7.0,0.008,10.0,75.0,0.0,10.5,0.06,0.0,0.0,0.12,0.5,6.4,0.033,0.003,0.16,0.066,0.027,8.0,0.0
6,602,60205,Boissons,18041,Lait de coco ou Crème de coco,775.0,188.0,0.57,18.0,0.22,3.3,1.0,46.0,0.77,96.0,220.0,3.0,30.0,0.56,0.0,0.0,0.7,0.0,1.0,0.022,0.0,0.64,0.15,0.028,14.0,0.0
6,602,60205,Boissons,18107,"Boisson à l'amande, nature, non sucrée, non enrichie, préemballée",150.0,36.3,0.25,12.0,0.05,0.1,10.0,8.3,0.05,16.0,31.0,10.0,20.5,0.11,0.0,0.125,0.96,0.4,0.25,0.0075,0.016,0.16,0.028,0.005,2.5,0.0
6,602,60207,Boissons,18167,"Poudre cacaotée ou au chocolat sucrée pour boisson, enrichie en vitamines et minéraux",1590.0,376.0,6.48,523.0,0.0,2.1,0.0,113.0,0.0,120.0,0.0,0.0,169.0,0.0,0.0,0.0,9.0,0.0,49.2,0.52,0.7,8.61,1.61,0.93,122.0,0.25
6,603,60301,Boissons,5214,Vin rouge,341.0,82.1,0.0,5.96,0.0094,0.56,0.74,7.13,0.094,18.7,118.0,1.1,1.01,0.13,0.0,0.0,0.0,0.4,0.0,0.005,0.027,0.18,0.087,0.043,0.73,0.0
6,603,60301,Boissons,5215,Vin blanc (sec),0.0,0.0,0.0,7.1,0.005,0.34,10.0,7.3,0.09,13.9,84.3,10.0,2.5,0.025,0.0,0.0,0.0,0.4,0.25,0.005,0.005,0.05,0.038,0.005,2.5,0.0
7,701,0,Epicerie,31008,Miel,0.0,0.0,0.0,7.93,0.017,0.18,0.5,4.26,0.16,5.6,70.3,5.0,4.11,0.098,0.0,0.0,0.0,0.0,0.8,0.0,0.069,0.11,0.069,0.092,2.0,0.0
7,701,0,Epicerie,31016,Sucre blanc,0.0,0.0,0.0,3.69,0.0055,0.077,0.3,1.65,0.0063,0.0,13.5,5.0,2.17,0.02,0.0,0.0,0.0,0.0,0.0,0.0,0.019,0.0,0.0,0.0,0.0,0.0
7,701,0,Epicerie,31017,Sucre roux,0.0,0.0,0.0,83.0,0.051,1.91,0.3,18.5,0.064,3.0,227.0,1.0,41.5,0.045,0.0,0.0,0.0,0.0,0.0,0.0,0.0,0.11,0.13,0.041,1.0,0.0
7,701,0,Epicerie,31034,Sirop d'érable,0.0,0.0,0.0,106.0,0.018,0.11,0.0,21.0,2.6,2.0,219.0,0.0,6.57,1.09,0.0,0.0,0.0,0.0,0.0,0.066,1.27,0.081,0.036,0.002,0.0,0.0
7,702,0,Epicerie,31074,"Chocolat noir à 70% cacao minimum, extra, dégustation, tablette",2450.0,591.0,12.8,62.0,1.6,11.0,10.0,200.0,1.7,280.0,750.0,10.0,8.0,3.0,10.5,2.16,0.67,7.39,0.25,0.13,0.11,0.49,0.44,0.005,52.0,0.35
7,707,0,Epicerie,32136,"Muesli croustillant, au quinoa",0.0,0.0,3.4,0.0,0.0,0.0,0.0,0.0,0.0,0.0,0.0,0.0,22.9,0.0,0.0,0.0,0.0,0.0,0.0,0.0,0.0,0.0,0.0,0.0,0.0,0.0
9,901,0,Crèmerie,16404,"Beurre à 82% MG, doux, tendre",3100.0,755.0,0.0,0.0,0.0,0.0,0.0,0.0,0.0,0.0,0.0,0.0,0.0,0.0,0.0,0.0,0.0,0.0,0.0,0.0,0.0,0.0,0.0,0.0,0.0,0.0
9,901,0,Crèmerie,16410,"Beurre à 60-62% MG, à teneur réduite en matière grasse, doux",2260.0,550.0,0.0,18.0,0.005,0.025,10.0,1.8,0.005,20.0,27.0,10.0,18.0,0.13,660.0,0.125,1.38,0.0,0.5,0.0075,0.005,0.05,0.091,0.005,2.5,0.1
9,901,0,Crèmerie,16412,"Beurre ou assimilé allégé (léger ou à teneur reduite en matière grasse), doux (aliment moyen)",1510.0,368.0,0.51,0.0,0.0,0.22,5.09,0.0,0.0,0.0,0.0,0.0,161.0,0.0,0.0,0.0,1.53,0.0,0.0,0.0,0.0,0.0,0.0,0.0,0.0,0.0
9,902,0,Epicerie,16040,"Huile ou graisse de coco (coprah), sans précision",3700.0,900.0,0.0,0.0,0.0,0.04,0.0,0.0,0.0,0.0,0.0,0.0,0.0,0.0,0.0,0.0,12.8,0.5,0.0,0.0,0.0,0.0,0.0,0.0,0.0,0.0
9,902,0,Epicerie,17130,Huile de colza,3700.0,900.0,0.0,1.285,0.0052,0.023,0.0,0.29,0.00075,0.0,0.405,5.0,0.555,0.026,0.0,0.0,27.7,71.3,0.0,0.0,0.0,0.0,0.0,0.0,0.0,0.0
9,902,0,Epicerie,17220,Huile de noix,3700.0,900.0,0.0,0.0,0.0,0.0,0.0,0.0,0.0,0.0,0.0,2.5,0.0,0.0,0.0,0.0,1.81,15.0,0.0,0.0,0.0,0.0,0.0,0.0,0.0,0.0
9,902,0,Epicerie,17270,Huile d'olive vierge extra,3700.0,900.0,0.0,0.1,0.005,0.025,10.0,0.025,0.005,0.15,0.15,10.0,2.5,0.025,0.0,0.125,22.3,58.1,0.0,0.0,0.0,0.0,0.0,0.0,0.0,0.0
9,902,0,Epicerie,17400,Huile de sésame,3700.0,900.0,0.0,0.0,0.0,0.0,0.0,0.0,0.0,0.0,0.0,0.0,0.0,0.0,0.0,0.0,1.1,13.6,0.0,0.0,0.0,0.0,0.0,0.0,0.0,0.0
9,902,0,Epicerie,17440,Huile de tournesol,3700.0,901.0,0.0,0.1,0.005,0.025,10.0,0.025,0.005,0.15,0.15,10.0,10.0,0.025,0.0,0.125,57.3,0.4,0.0,0.0,0.0,0.0,0.0,0.0,0.0,0.0
10,1001,100101,Epicerie,11079,"Mayonnaise à teneur réduite en matière grasse ou Mayonnaise allégée, préemballée",0.0,0.0,0.23,47.4,0.05,0.4,5.4,17.7,0.05,26.3,70.0,2.5,936.0,0.12,62.0,0.25,8.0,0.0,3.75,0.02,0.032,0.08,0.21,0.02,21.2,0.14
10,1001,100101,Epicerie,11104,"Sauce soja, préemballée",193.0,45.5,0.86,27.3,0.044,1.72,1.0,83.7,0.46,128.0,547.0,5.0,7440.0,0.4,0.0,0.0,0.0,0.0,0.0,0.046,0.16,3.08,0.34,0.17,16.0,0.0
10,1001,100101,Epicerie,25621,"Houmous, préemballé",0.0,0.0,5.98,0.0,0.0,0.0,0.0,0.0,0.0,0.0,0.0,0.0,472.0,0.0,0.0,0.0,0.0,0.0,0.0,0.0,0.0,0.0,0.0,0.0,0.0,0.0
10,1001,100102,Epicerie,11107,"Sauce tomate aux oignons, préemballée",0.0,0.0,2.17,24.4,0.098,0.58,18.2,24.7,0.1,26.0,553.0,5.0,467.0,0.17,0.0,0.0,1.44,2.8,5.45,0.027,0.093,0.86,0.31,0.079,9.0,0.0
10,1001,100102,Epicerie,11179,"Sauce pesto, préemballée",1530.0,370.0,2.5,150.0,0.28,0.59,10.0,36.0,0.38,94.0,200.0,10.0,1060.0,0.66,13.0,0.125,17.9,127.0,92.6,0.047,0.097,0.59,0.31,0.073,25.8,0.0
10,1002,0,Epicerie,11013,Moutarde,632.0,152.0,0.5,86.3,0.082,1.83,3.0,48.3,0.39,130.0,150.0,6.0,1860.0,0.67,0.0,0.0,0.36,1.4,0.3,0.11,0.048,0.57,0.19,0.071,7.5,0.0
10,1002,0,Epicerie,11040,"Câpres, au vinaigre",0.0,0.0,3.6,40.0,0.37,1.67,0.0,33.0,0.078,10.0,40.0,0.0,1620.0,0.32,0.0,0.0,0.88,24.6,4.3,0.018,0.14,0.65,0.027,0.023,23.0,0.0
10,1002,0,Epicerie,11090,Vinaigre de cidre,0.0,0.0,0.0,7.0,0.008,0.2,0.0,5.0,0.25,8.0,73.0,0.0,5.0,0.04,0.0,0.0,0.0,0.0,0.0,0.0,0.0,0.0,0.0,0.0,0.0,0.0
10,1002,0,Epicerie,11091,Vinaigre balsamique,531.0,125.0,0.5,18.0,0.03,0.95,10.0,12.0,0.19,24.0,160.0,10.0,27.0,0.12,0.0,0.125,0.0,0.4,0.25,0.0075,0.005,0.05,0.072,1.71,5.5,0.0
10,1002,0,Epicerie,11220,Vinaigre de vin rouge,93.3,21.6,0.0,10.0,0.005,0.41,0.0,5.9,0.06,11.0,74.0,10.0,5.1,0.08,0.0,0.125,0.04,0.4,0.25,0.0075,0.005,0.05,0.037,0.015,2.5,0.0
10,1002,0,Epicerie,13033,"Olive verte, en saumure, égouttée",637.0,155.0,3.6,58.0,0.11,0.16,10.0,24.0,0.03,6.7,31.0,10.0,1260.0,0.07,0.0,0.125,5.23,13.9,0.25,0.0075,0.005,0.05,0.035,0.018,2.5,0.0
10,1002,0,Epicerie,13131,"Olive noire, à l'huile (à la grecque)",1360.0,332.0,11.6,110.0,0.27,1.7,10.0,29.0,0.28,60.0,320.0,25.0,3380.0,0.62,0.0,0.0,2.57,0.0,0.62,0.058,0.05,0.19,0.17,0.048,5.83,0.028
10,1002,0,Epicerie,13184,Olive (aliment moyen),667.0,162.0,4.38,64.2,0.13,1.79,10.9,22.0,0.046,9.02,37.9,12.9,1210.0,0.1,0.052,0.1,5.26,11.3,2.27,0.012,0.0072,0.057,0.04,0.02,3.2,0.0051
10,1002,0,Epicerie,13186,Olive noire (aliment moyen),0.0,0.0,6.97,84.3,0.19,7.53,10.0,17.9,0.1,15.3,62.0,25.0,1090.0,0.21,0.0,0.0,5.6,1.4,0.3,0.023,0.011,0.07,0.056,0.028,2.98,0.004
10,1003,0,Epicerie,11001,"Bouillon de boeuf, déshydraté",1000.0,240.0,0.65,32.7,0.12,0.35,2.5,21.9,0.1,127.0,344.0,4.6,13200.0,0.32,0.0,0.0,2.17,0.0,0.0,1.38,0.23,2.09,0.48,0.29,76.3,0.34
10,1003,0,Epicerie,11172,"Court-bouillon pour poissons, déshydraté",1080.0,260.0,2.5,0.0,0.0,0.0,0.0,0.0,0.0,0.0,0.0,0.0,19000.0,0.0,0.0,0.0,0.0,0.0,0.0,0.0,0.0,0.0,0.0,0.0,0.0,0.0
10,1003,0,Epicerie,11174,"Bouillon de volaille, déshydraté",974.0,233.0,0.58,0.0,0.0,0.0,0.0,0.0,0.0,0.0,0.0,0.0,19800.0,0.0,0.0,0.0,0.0,0.0,0.0,0.0,0.0,0.0,0.0,0.0,0.0,0.0
10,1003,0,Epicerie,11304,"Fond de veau, préemballé",171.0,40.9,0.1,0.0,0.0,0.0,0.0,0.0,0.0,0.0,0.0,0.0,340.0,0.0,0.0,0.0,0.0,0.0,0.0,0.0,0.0,0.0,0.0,0.0,0.0,0.0
10,1004,0,Epicerie,11017,"Sel blanc alimentaire, non iodé, non fluoré (marin, ignigène ou gemme)",0.0,0.0,0.0,13.3,0.15,0.29,1.8,3.15,0.12,8.0,16.9,0.5,39100.0,0.088,0.0,0.0,0.0,0.0,0.0,0.0,0.0,0.0,0.0,0.0,0.0,0.0
10,1005,0,Epicerie,11005,"Curry, poudre",1230.0,301.0,53.2,525.0,1.2,19.1,0.5,255.0,8.3,367.0,1170.0,0.0,52.0,4.7,0.0,0.0,25.2,99.8,0.7,0.18,0.2,3.26,1.07,0.11,56.0,0.0
10,1005,0,Epicerie,11006,"Gingembre, poudre",1410.0,335.0,14.1,114.0,0.48,19.8,0.0,214.0,33.3,168.0,1320.0,0.0,27.0,3.64,0.0,0.0,0.0,0.8,0.7,0.046,0.17,9.62,0.48,0.63,13.0,0.0
10,1005,0,Epicerie,11015,"Poivre noir, poudre",1380.0,330.0,25.7,480.0,1.0,17.0,10.0,190.0,15.0,170.0,1600.0,10.0,14.2,0.99,0.0,0.125,1.93,144.0,0.25,0.12,0.005,0.46,1.82,0.23,21.8,0.0
10,1005,0,Epicerie,11025,"Cannelle, poudre",1000.0,243.0,53.1,1000.0,0.34,8.32,0.0,60.0,17.5,64.0,431.0,3.1,10.0,1.83,0.0,0.0,2.32,31.2,3.8,0.022,0.041,1.33,0.36,0.16,6.0,0.0
10,1005,0,Epicerie,11026,"Coriandre, graine",1430.0,346.0,41.9,709.0,0.98,16.3,0.0,330.0,1.9,409.0,1270.0,0.0,35.0,4.7,0.0,0.0,0.0,0.0,21.0,0.24,0.29,2.13,0.0,0.0,0.0,0.0
10,1005,0,Epicerie,11039,Safran,1490.0,352.0,3.9,111.0,0.33,11.1,0.0,264.0,28.4,252.0,1720.0,0.0,148.0,1.09,0.0,0.0,1.69,0.0,80.8,0.12,0.27,1.46,0.0,1.01,93.0,0.0
10,1005,0,Epicerie,11042,"Cumin, graine",1780.0,427.0,10.5,931.0,0.87,66.4,0.0,366.0,3.33,499.0,1790.0,0.0,168.0,4.8,0.0,0.0,3.33,5.4,7.7,0.63,0.33,4.58,0.0,0.44,10.0,0.0
10,1005,0,Epicerie,11048,Noix de muscade,2100.0,507.0,20.8,184.0,1.03,3.04,0.0,183.0,2.9,213.0,350.0,1.6,16.0,2.15,0.0,0.0,0.0,0.0,3.0,0.35,0.057,1.3,0.0,0.16,76.0,0.0
10,1005,0,Epicerie,11049,Paprika,1320.0,319.0,34.9,229.0,0.71,21.1,0.0,178.0,1.59,314.0,2280.0,0.0,68.0,4.33,0.0,0.0,29.1,80.3,0.9,0.33,1.23,10.1,2.51,2.14,49.0,0.0
10,1005,0,Epicerie,11052,Clou de girofle,1390.0,335.0,33.9,632.0,0.37,11.8,0.0,259.0,60.1,104.0,1020.0,0.0,277.0,2.32,0.0,0.0,8.82,142.0,0.2,0.16,0.22,1.56,0.51,0.39,25.0,0.0
10,1005,0,Epicerie,11053,"Laurier, feuille",1480.0,353.0,26.3,834.0,0.42,43.0,0.0,120.0,8.17,113.0,529.0,0.0,23.0,3.7,0.0,0.0,1.79,0.0,46.5,0.009,0.42,2.01,0.0,1.74,180.0,0.0
10,1005,0,Epicerie,11074,"Gingembre, racine crue",137.0,32.9,2.7,11.0,0.05,0.4,10.0,26.0,7.0,26.0,320.0,10.0,6.3,0.24,0.0,0.125,0.75,0.4,0.25,0.018,0.005,0.05,0.13,0.1,11.8,0.0
10,1005,0,Epicerie,11081,Epice (aliment moyen),1440.0,346.0,25.9,450.0,0.97,17.0,9.75,189.0,13.1,186.0,1430.0,8.86,19.2,1.44,0.0,0.096,2.99,118.0,2.61,0.15,0.064,1.05,1.77,0.29,30.2,0.0
10,1005,0,Epicerie,11088,Poivre de Cayenne ou piment de Cayenne,1560.0,376.0,27.2,148.0,0.37,7.8,0.0,152.0,2.0,293.0,2010.0,0.0,30.0,2.48,0.0,0.0,29.8,80.3,76.4,0.33,0.92,8.7,0.0,2.45,106.0,0.0
10,1005,0,Epicerie,11089,"Curcuma, poudre",1220.0,291.0,22.7,168.0,1.3,55.0,0.0,208.0,19.8,299.0,2080.0,0.0,27.0,4.5,0.0,0.0,4.43,13.4,0.7,0.058,0.15,1.35,0.54,0.11,20.0,0.0
10,1005,0,Epicerie,11098,"Vanille, extrait aqueux",245.0,57.7,0.0,3.0,0.003,0.05,0.0,1.0,0.001,0.0,0.0,0.0,3.0,0.01,0.0,0.0,0.0,0.0,0.0,0.003,0.029,0.13,0.011,0.008,0.0,0.0
10,1006,100601,Epicerie,11000,"Ail, cru",470.0,111.0,5.8,11.0,0.19,0.63,10.0,20.0,0.2,130.0,530.0,10.0,9.0,0.75,0.0,0.125,0.04,0.4,0.25,0.2,0.005,0.05,0.36,1.1,26.1,0.0
10,1006,100601,Epicerie,11003,"Ciboule ou Ciboulette, fraîche",124.0,29.7,3.19,92.8,0.1,1.31,2.2,23.8,0.85,46.3,275.0,0.35,11.5,0.45,0.0,0.0,0.99,260.0,39.7,0.065,0.12,0.57,0.19,0.12,78.3,0.0
10,1006,100601,Epicerie,11014,"Persil, frais",180.0,43.0,4.3,218.0,0.12,4.67,2.5,39.5,1.7,65.0,598.0,0.1,54.3,0.77,1.0,0.0,1.73,1220.0,177.0,0.1,0.2,1.51,0.35,0.15,134.0,0.0
10,1006,100601,Epicerie,11027,"Menthe, fraîche",240.0,57.6,7.4,221.0,0.28,8.48,0.0,71.5,1.15,66.5,514.0,0.5,30.5,1.1,0.0,0.0,5.0,0.0,22.6,0.08,0.22,1.33,0.29,0.14,110.0,0.0
10,1006,100601,Epicerie,11033,"Basilic, frais",145.0,34.8,3.47,273.0,0.39,5.24,0.0,64.0,1.15,56.0,295.0,0.0,12.0,0.81,0.0,0.0,0.8,415.0,14.5,0.034,0.076,0.9,0.21,0.16,68.0,0.0
10,1006,100601,Epicerie,11068,"Romarin, frais",498.0,121.0,14.1,317.0,0.3,6.65,0.0,91.0,0.96,66.0,668.0,0.0,26.0,0.93,0.0,0.0,0.0,0.0,21.8,0.036,0.15,0.91,0.8,0.34,109.0,0.0
10,1006,100601,Epicerie,11070,"Thym, frais",446.0,107.0,14.0,405.0,0.56,17.5,0.0,160.0,1.72,106.0,609.0,0.0,9.0,1.81,0.0,0.0,1.7,0.0,160.0,0.048,0.47,1.82,0.41,0.35,45.0,0.0
10,1006,100601,Epicerie,11093,"Aneth, frais",202.0,48.2,3.5,202.0,0.22,5.5,3.9,28.0,2.7,51.9,647.0,2.7,27.0,1.8,0.0,0.0,1.7,0.0,70.0,0.19,0.43,2.4,0.3,0.3,116.0,0.0
10,1006,100601,Epicerie,11094,"Coriandre, fraiche",92.6,22.3,2.8,67.0,0.23,1.77,0.0,26.0,0.43,48.0,521.0,0.0,46.0,0.5,0.0,0.0,2.5,310.0,27.0,0.067,0.16,1.11,0.57,0.15,62.0,0.0
10,1006,100602,Epicerie,11023,"Ail séché, poudre",1460.0,344.0,9.45,79.5,0.53,4.2,0.0,67.5,0.98,416.0,1150.0,0.0,43.0,2.81,0.0,0.0,0.67,0.4,2.39,0.45,0.15,0.74,0.74,1.65,47.0,0.0
10,1006,100602,Epicerie,11024,"Persil, séché",1210.0,291.0,29.7,658.0,0.62,38.0,0.0,386.0,5.57,492.0,4490.0,0.0,422.0,5.78,0.0,0.0,8.96,1360.0,137.0,0.62,2.32,10.2,1.79,1.14,187.0,0.0
10,1006,100602,Epicerie,11032,"Basilic, séché",1010.0,244.0,37.7,2240.0,2.1,89.8,0.0,711.0,9.8,274.0,2630.0,0.0,76.0,7.1,0.0,0.0,10.7,1710.0,0.8,0.08,1.2,4.9,0.84,1.34,310.0,0.0
10,1006,100602,Epicerie,11035,"Origan, séché",1100.0,265.0,42.5,1600.0,0.63,36.8,0.0,270.0,4.99,148.0,1260.0,0.0,25.0,2.69,0.0,0.0,18.3,622.0,2.3,0.18,0.53,4.64,0.92,1.04,237.0,0.0
10,1006,100602,Epicerie,11038,"Thym, séché",1180.0,285.0,37.0,1890.0,0.86,124.0,0.0,220.0,7.87,201.0,814.0,0.0,55.0,6.18,0.0,0.0,7.48,1710.0,50.0,0.51,0.4,4.94,0.0,0.55,274.0,0.0
10,1006,100602,Epicerie,11060,"Herbes de Provence, séchées",1170.0,283.0,40.1,1860.0,1.06,69.8,15.0,304.0,5.2,297.0,1970.0,4.4,35.0,5.47,0.0,0.0,1.69,0.0,54.0,0.33,0.34,6.03,0.0,1.58,274.0,0.0
10,1009,0,Epicerie,11046,Levure chimique ou Poudre à lever,0.0,0.0,1.9,8960.0,0.012,11.1,0.0,21.0,0.013,7240.0,30.8,0.0,14200.0,0.015,0.0,0.0,0.0,0.0,0.0,0.0,0.0,0.0,0.0,0.0,0.0,0.0
